cliente_id,correo
1000,barela-rodrígez@gmail.com
1001,corporacinleónytórrez@gmail.com
1002,bonilla-ocampo@gmail.com
1003,barrios-miramontessadecv@gmail.com
1004,aparicio-elizondoehijos@gmail.com
1005,esquibelgalványpeña@gmail.com
1006,barajas-ozuna@gmail.com
1007,olivoynavasc@gmail.com
1008,proyectosulibarriyjáquez@gmail.com
1009,laboratorioscolladoriveroyrendón@gmail.com
1010,laboratorioscardona-bétancourt@gmail.com
1011,grupoalvarado-montaño@gmail.com
1012,negretesa@gmail.com
1013,cornejosaucedayhinojosa@gmail.com
1014,ramos-colladosrldecv@gmail.com
1015,cedilloyarguelloehijos@gmail.com
1016,despachotoledo-flórez@gmail.com
1017,ontiverosycisnerossadecv@gmail.com
1018,proyectosordóñez-maldonado@gmail.com
1019,medranoyrosasyasociados@gmail.com
1020,quintanilla-pedraza@gmail.com
1021,sáenz-guerrero@gmail.com
1022,carrión-rosariosadecv@gmail.com
1023,olivas-sernasc@gmail.com
1024,proyectosríoscovarrubiasyestévez@gmail.com
1025,solorio-saucedo@gmail.com
1026,caraballocastilloyalcaraz@gmail.com
1027,gastélumroybalylucio@gmail.com
1028,roldán-rodarte@gmail.com
1029,laboratoriosvillarreal-moreno@gmail.com
1030,clubontiverosyalfaro@gmail.com
1031,yáñez-cortés@gmail.com
1032,despachomojicayguardado@gmail.com
1033,zamora-gallegosac@gmail.com
1034,carbajalbenavídezysalinas@gmail.com
1035,velázquez-apariciosrldecv@gmail.com
1036,laboratoriosnájera-jaime@gmail.com
1037,rivas-munguía@gmail.com
1038,maderayherrerasa@gmail.com
1039,fonsecayocasioehijos@gmail.com
1040,clubmarínypiña@gmail.com
1041,quesadasalasyibarra@gmail.com
1042,ojeda-villaseñor@gmail.com
1043,ortiz-páez@gmail.com
1044,suárezehijos@gmail.com
1045,vargas-crespo@gmail.com
1046,casasyvanegassc@gmail.com
1047,industriasdelríoamadorypaz@gmail.com
1048,valenzuelayvanegassc@gmail.com
1049,varelayfríassrldecv@gmail.com
1050,despachoguardadoyhenríquez@gmail.com
1051,benítez-saldañasadecv@gmail.com
1052,candelariasrldecv@gmail.com
1053,huerta-jimínez@gmail.com
1054,roybal-quintanaac@gmail.com
1055,naranjo-escamillasc@gmail.com
1056,industriasrosalesyloya@gmail.com
1057,almanzaac@gmail.com
1058,madrigalsa@gmail.com
1059,corporacinanguloyocampo@gmail.com
1060,ulloa-portillo@gmail.com
1061,pazymontemayorehijos@gmail.com
1062,alcaraz-jáquez@gmail.com
1063,menéndezyasociados@gmail.com
1064,grupodelaoysamaniego@gmail.com
1065,colónygamboaehijos@gmail.com
1066,grupocorona-barrientos@gmail.com
1067,noriegasa@gmail.com
1068,oliverasantiagoyozuna@gmail.com
1069,industriasquintanaymartínez@gmail.com
1070,marroquín-villarreal@gmail.com
1071,corporacintamezpuenteyjaimes@gmail.com
1072,industriasperaltaylópez@gmail.com
1073,camposborregoylópez@gmail.com
1074,grupobalderasortaysáenz@gmail.com
1075,guevaraalbaybotello@gmail.com
1076,rosas-montalvo@gmail.com
1077,carreón-rosado@gmail.com
1078,prado-montezehijos@gmail.com
1079,laboratoriosmurobrionesyvela@gmail.com
1080,gruporascónverdugoyvaldés@gmail.com
1081,cortezydelarosasrldecv@gmail.com
1082,proyectosdelgado-abrego@gmail.com
1083,hurtado-casas@gmail.com
1084,gonzálezehijos@gmail.com
1085,proyectosolveraleyvayochoa@gmail.com
1086,loyaortaymayorga@gmail.com
1087,rosales-ozunaehijos@gmail.com
1088,despachoulloayordóñez@gmail.com
1089,velázquezsc@gmail.com
1090,orozco-ontiverossc@gmail.com
1091,industriasserratomotayarredondo@gmail.com
1092,clubmojicaroblesyprado@gmail.com
1093,corporacinaguayo-galván@gmail.com
1094,vera-aguilera@gmail.com
1095,industriasarriaga-cornejo@gmail.com
1096,corral-villagómezsa@gmail.com
1097,soteloosorioycarbajal@gmail.com
1098,zayassa@gmail.com
1099,clubnoriegaverduzcoycintrón@gmail.com
1100,salgado-yáñez@gmail.com
1101,delgado-orta@gmail.com
1102,quintanilla-zepedaac@gmail.com
1103,mendozaycolladoac@gmail.com
1104,herreravelásquezynoriega@gmail.com
1105,pichardo-verduzco@gmail.com
1106,varela-amayasa@gmail.com
1107,industriasbacayarce@gmail.com
1108,estrada-salazarehijos@gmail.com
1109,industriascasares-farías@gmail.com
1110,oquendoehijos@gmail.com
1111,grupopichardodueñasymontenegro@gmail.com
1112,grupomaestas-acuña@gmail.com
1113,ariassa@gmail.com
1114,clublealyvaldés@gmail.com
1115,ceballosbarrerayvallejo@gmail.com
1116,menchacaehijos@gmail.com
1117,despachorosas-uribe@gmail.com
1118,carrasco-roldán@gmail.com
1119,jasso-mendoza@gmail.com
1120,berríosyniñosa@gmail.com
1121,villarealyrodartesc@gmail.com
1122,proyectoshidalgooroscoycabán@gmail.com
1123,rendónyrosarioac@gmail.com
1124,corporacinlongoria-maestas@gmail.com
1125,feliciano-lovato@gmail.com
1126,anaya-amador@gmail.com
1127,rodríquezytovarsc@gmail.com
1128,gallardoyquintanasc@gmail.com
1129,industriasjaimesygollum@gmail.com
1130,grijalva-villaseñorsadecv@gmail.com
1131,proyectosortega-ureña@gmail.com
1132,laboratoriosnavarretebuenoyguerrero@gmail.com
1133,oliveraborregoypabón@gmail.com
1134,tórrez-acevedo@gmail.com
1135,rochagutiérrezynazario@gmail.com
1136,proyectosharoygutiérrez@gmail.com
1137,cortésygarzasa@gmail.com
1138,despachocenteno-pabón@gmail.com
1139,miramontessa@gmail.com
1140,garibay-ceballossc@gmail.com
1141,clubcejachávezyharo@gmail.com
1142,garibayac@gmail.com
1143,tapiamenayballesteros@gmail.com
1144,ceballosygaricaac@gmail.com
1145,prieto-ochoasc@gmail.com
1146,proyectosescamillaquirozyramón@gmail.com
1147,corporacinalonso-patiño@gmail.com
1148,vargas-núñez@gmail.com
1149,balderas-vallejosa@gmail.com
1150,grupoocasiozelayaycarrasco@gmail.com
1151,proyectosyáñezbáezydelrío@gmail.com
1152,casillas-vásquez@gmail.com
1153,toroygallardosc@gmail.com
1154,laboratoriossierraysauceda@gmail.com
1155,vargasmayaygamboa@gmail.com
1156,corporacinpuente-bahena@gmail.com
1157,nietoyolivárezsrldecv@gmail.com
1158,cardonaehijos@gmail.com
1159,bernal-arevalo@gmail.com
1160,toledosadecv@gmail.com
1161,maldonadoytorressrldecv@gmail.com
1162,báez-beltránsc@gmail.com
1163,industriaspáezyrosario@gmail.com
1164,despachomárquezprietoycastellanos@gmail.com
1165,domínguezcastilloycastro@gmail.com
1166,cortéssa@gmail.com
1167,ramoscanoyalmanza@gmail.com
1168,despachonúñezyordóñez@gmail.com
1169,industriasocasio-benítez@gmail.com
1170,rosales-sepúlveda@gmail.com
1171,griegodelgadilloybarrera@gmail.com
1172,corporacinhinojosacamarilloymontoya@gmail.com
1173,proyectosnavaytórrez@gmail.com
1174,arroyoehijos@gmail.com
1175,despachoblanco-carvajal@gmail.com
1176,villagómezmontezychapa@gmail.com
1177,laboratoriosoterocardenasycarrasco@gmail.com
1178,riveraburgosynavarro@gmail.com
1179,corporacinromorolónyserna@gmail.com
1180,cazaresybarreraac@gmail.com
1181,grupotrujilloysotelo@gmail.com
1182,raelsa@gmail.com
1183,aguilararandaymascareñas@gmail.com
1184,navarretecantúymonroy@gmail.com
1185,duarte-jaime@gmail.com
1186,alemán-garicasadecv@gmail.com
1187,amador-ceballos@gmail.com
1188,amador-barrera@gmail.com
1189,proyectoscamacho-bustos@gmail.com
1190,herediaponceydueñas@gmail.com
1191,corporacinguzmánlunaylaureano@gmail.com
1192,proyectosberríos-cedillo@gmail.com
1193,elizondo-campos@gmail.com
1194,rayayureñasc@gmail.com
1195,proyectosalemányroybal@gmail.com
1196,nájeraehijos@gmail.com
1197,ibarra-carrero@gmail.com
1198,candelariamondragónyybarra@gmail.com
1199,paz-rodríguezsrldecv@gmail.com
1200,laboratoriosolivárezydávila@gmail.com
1201,valdivia-berríosyasociados@gmail.com
1202,calderayasociados@gmail.com
1203,clubregaladoaragónycordero@gmail.com
1204,robledo-villarreal@gmail.com
1205,olmos-sisneros@gmail.com
1206,luevano-escamillaehijos@gmail.com
1207,laboratoriosfierrooroscoyarevalo@gmail.com
1208,industriasarmendáriz-gastélum@gmail.com
1209,gollumsrldecv@gmail.com
1210,industriasdelagarza-leiva@gmail.com
1211,venegasyáñezyestévez@gmail.com
1212,pedrazalemusyochoa@gmail.com
1213,ariascasasymolina@gmail.com
1214,despachohenríquez-ramos@gmail.com
1215,corporacincarriónypichardo@gmail.com
1216,collazo-sisnerossa@gmail.com
1217,clubalvarez-segovia@gmail.com
1218,corporacinjaimeymalave@gmail.com
1219,valentínyestévezsrldecv@gmail.com
1220,proyectostoroygranados@gmail.com
1221,ornelas-prieto@gmail.com
1222,covarrubias-bermúdez@gmail.com
1223,guillen-cardenassa@gmail.com
1224,despachomacíasfaríasygarrido@gmail.com
1225,pulidodurányreséndez@gmail.com
1226,barajasanayaymuñoz@gmail.com
1227,nevárez-maressc@gmail.com
1228,laboratoriossevilla-pacheco@gmail.com
1229,corporacinjaimeregaladoybecerra@gmail.com
1230,lovato-osorioac@gmail.com
1231,herediaehijos@gmail.com
1232,ramón-uríassrldecv@gmail.com
1233,benavidesportilloycenteno@gmail.com
1234,proyectoscamposcardenasypedraza@gmail.com
1235,ortizysantacruzyasociados@gmail.com
1236,clubméndezjuárezyaguayo@gmail.com
1237,fuentesyasociados@gmail.com
1238,gruposolorzanoyburgos@gmail.com
1239,gaitánsrldecv@gmail.com
1240,pérezycasanovaehijos@gmail.com
1241,arteaga-pabón@gmail.com
1242,muñozurrutiaycasas@gmail.com
1243,jaimearceyhinojosa@gmail.com
1244,industriasolivo-montoya@gmail.com
1245,abreuyterányasociados@gmail.com
1246,batista-rojas@gmail.com
1247,grupohernándezcastilloymuñoz@gmail.com
1248,mena-vega@gmail.com
1249,mares-blancoyasociados@gmail.com
1250,montemayor-soto@gmail.com
1251,industriasozuna-gamez@gmail.com
1252,franco-prietoac@gmail.com
1253,laboratoriossamaniego-munguía@gmail.com
1254,portilloaguilerayorozco@gmail.com
1255,escamilla-solís@gmail.com
1256,grupoalemáncarbajalycavazos@gmail.com
1257,cintrónybravosadecv@gmail.com
1258,grupopalomoguerraycarrera@gmail.com
1259,grupolerma-brito@gmail.com
1260,grupotéllez-escobedo@gmail.com
1261,despachofonseca-alba@gmail.com
1262,maestasyadameyasociados@gmail.com
1263,linaresehijos@gmail.com
1264,peralesozunaycandelaria@gmail.com
1265,roquebravoysotelo@gmail.com
1266,ulloa-valdés@gmail.com
1267,corporacinbarriosyguajardo@gmail.com
1268,mirandasa@gmail.com
1269,despachoabreudíazygonzález@gmail.com
1270,laboratoriosmatíasdeleónymesa@gmail.com
1271,corporacinperesyjuárez@gmail.com
1272,montezsa@gmail.com
1273,girónytrujillosa@gmail.com
1274,velamatosyvaladez@gmail.com
1275,preciado-delagarzaac@gmail.com
1276,bétancourt-aguilarehijos@gmail.com
1277,proyectosserrano-acuña@gmail.com
1278,delafuenteluceroyponce@gmail.com
1279,clubsalgado-méndez@gmail.com
1280,proyectostórrezocasioyrosado@gmail.com
1281,clubsosaalcarazysantacruz@gmail.com
1282,prado-pichardo@gmail.com
1283,laboratoriosmuñozygarica@gmail.com
1284,deleónalbaydelgado@gmail.com
1285,vélez-gracia@gmail.com
1286,regaladoehijos@gmail.com
1287,vásquez-armendárizehijos@gmail.com
1288,cardenas-fajardoehijos@gmail.com
1289,vargas-menéndezac@gmail.com
1290,laboratoriosmontemayor-mata@gmail.com
1291,alva-rangelsa@gmail.com
1292,ramírezysolanoac@gmail.com
1293,crespo-villanuevasa@gmail.com
1294,barriossc@gmail.com
1295,laboy-delarosa@gmail.com
1296,soliz-murillosc@gmail.com
1297,industriasenríquez-mercado@gmail.com
1298,treviño-soteloehijos@gmail.com
1299,laboratoriosespinalyberríos@gmail.com
1300,girón-serna@gmail.com
1301,linares-villegas@gmail.com
1302,castrobarragányvillanueva@gmail.com
1303,cazaresyarenassrldecv@gmail.com
1304,cabrerayzúñigaehijos@gmail.com
1305,despachocarreón-moreno@gmail.com
1306,laboratoriosrivaszayasyfernández@gmail.com
1307,despachomateoyrivera@gmail.com
1308,industriasbernal-godoy@gmail.com
1309,corporacinmesa-curiel@gmail.com
1310,despachodelacrúzylomeli@gmail.com
1311,sevillasa@gmail.com
1312,corporacinrico-vergara@gmail.com
1313,ulloa-palaciossc@gmail.com
1314,dávila-corderoehijos@gmail.com
1315,ortizsa@gmail.com
1316,ceja-cordero@gmail.com
1317,laboratorioslemus-guillen@gmail.com
1318,vázquezabregoyverdugo@gmail.com
1319,montenegrovázquezymedrano@gmail.com
1320,cavazosycoronadosrldecv@gmail.com
1321,hernándezsadecv@gmail.com
1322,bermúdezcarrilloyarias@gmail.com
1323,linaressadecv@gmail.com
1324,laboratoriosgil-lópez@gmail.com
1325,corporacinrodarte-madrigal@gmail.com
1326,arriaga-negrón@gmail.com
1327,proyectostrejo-hernádez@gmail.com
1328,despacholeivayarmendáriz@gmail.com
1329,sosasa@gmail.com
1330,ariasyasociados@gmail.com
1331,zarate-garcía@gmail.com
1332,casárezyalmanzasrldecv@gmail.com
1333,acosta-preciadosa@gmail.com
1334,proyectosfernándezcaballeroyluna@gmail.com
1335,grupobriseñoyrivas@gmail.com
1336,esparza-peressrldecv@gmail.com
1337,saucedoyreyesyasociados@gmail.com
1338,zamudio-castellanosac@gmail.com
1339,proyectosgaona-canales@gmail.com
1340,proyectoslozanoyaguirre@gmail.com
1341,batistayontiverosehijos@gmail.com
1342,cortez-alcala@gmail.com
1343,juárezmacíasycanales@gmail.com
1344,sandovalac@gmail.com
1345,corporacinroquemaestasysoliz@gmail.com
1346,arias-martínezsc@gmail.com
1347,aponteyojedayasociados@gmail.com
1348,patiño-mojica@gmail.com
1349,industriasarreolayloya@gmail.com
1350,clubalemán-chávez@gmail.com
1351,ávilaycortezsadecv@gmail.com
1352,grupoméndezgalványmoreno@gmail.com
1353,clubolivas-paz@gmail.com
1354,tamezehijos@gmail.com
1355,varela-sandoval@gmail.com
1356,grupoguajardofaríasymorales@gmail.com
1357,valdésyarreolaehijos@gmail.com
1358,garay-farías@gmail.com
1359,jaimesa@gmail.com
1360,laboratorioslomelisisnerosytoledo@gmail.com
1361,garridosrldecv@gmail.com
1362,becerra-corral@gmail.com
1363,amadorac@gmail.com
1364,industriasguerrabacaypulido@gmail.com
1365,godoyocampoyramírez@gmail.com
1366,corporacinportilloygarcía@gmail.com
1367,crespo-cepedasrldecv@gmail.com
1368,lunacejayfuentes@gmail.com
1369,haro-renteríayasociados@gmail.com
1370,clubpabón-zaragoza@gmail.com
1371,industriasserranovillegasygarrido@gmail.com
1372,mayasadecv@gmail.com
1373,manzanaresybarrerasa@gmail.com
1374,orosco-alcántar@gmail.com
1375,saucedovélezyfernández@gmail.com
1376,corporacinvalentíntorresyanguiano@gmail.com
1377,industriasnietoyfernández@gmail.com
1378,ferrerjáquezyfrías@gmail.com
1379,despachobáez-juárez@gmail.com
1380,corporacinmeléndezgómezypáez@gmail.com
1381,ortega-villalobossadecv@gmail.com
1382,barelayalvasc@gmail.com
1383,seguraymotasadecv@gmail.com
1384,clubdelrío-barela@gmail.com
1385,industriasvillalpandoalbaycastañeda@gmail.com
1386,tapia-caraballo@gmail.com
1387,grupolebrónyacuña@gmail.com
1388,laboratoriospradoygarza@gmail.com
1389,jasso-cardonasa@gmail.com
1390,despachogonzalesymascareñas@gmail.com
1391,luna-galarza@gmail.com
1392,grupolongoria-ojeda@gmail.com
1393,grupoloya-hernández@gmail.com
1394,heredia-alvaradoehijos@gmail.com
1395,lealysánchezehijos@gmail.com
1396,laboratoriosmuñozyleal@gmail.com
1397,laboratoriosyáñez-quiñones@gmail.com
1398,industriascamposylomeli@gmail.com
1399,grupotreviñoromeroyhernández@gmail.com
1400,ferrerruelasyorta@gmail.com
1401,despachogranados-esquivel@gmail.com
1402,rolónsa@gmail.com
1403,ricobriseñoyacevedo@gmail.com
1404,gálvez-zaragoza@gmail.com
1405,briseñoygodoysrldecv@gmail.com
1406,espinozasrldecv@gmail.com
1407,sarabia-barela@gmail.com
1408,industriasnúñezyvelásquez@gmail.com
1409,velásquezsa@gmail.com
1410,corporacincórdovacentenoybeltrán@gmail.com
1411,industriasanayaygranados@gmail.com
1412,salcidosc@gmail.com
1413,olveraehijos@gmail.com
1414,galindomonteroyborrego@gmail.com
1415,pedrazaac@gmail.com
1416,ortaehijos@gmail.com
1417,bahenasadecv@gmail.com
1418,peres-fernándezsrldecv@gmail.com
1419,clubmalave-longoria@gmail.com
1420,villalpandoymorayasociados@gmail.com
1421,laboratoriosrascónregaladoyreyes@gmail.com
1422,aragón-dejesússa@gmail.com
1423,corporacinbarajasholguínyrojas@gmail.com
1424,cadena-tello@gmail.com
1425,solíssa@gmail.com
1426,proyectosserranoyalonso@gmail.com
1427,laboratoriosceja-delafuente@gmail.com
1428,proyectosmadrigalcastroymeza@gmail.com
1429,robledoyasociados@gmail.com
1430,albasadecv@gmail.com
1431,magaña-adame@gmail.com
1432,páezyponcesc@gmail.com
1433,badillocepedaysaiz@gmail.com
1434,rayaycalvillosadecv@gmail.com
1435,reyessrldecv@gmail.com
1436,grupoolivera-abrego@gmail.com
1437,corporacintorreszapatayvenegas@gmail.com
1438,laboratoriosgranado-melgar@gmail.com
1439,olmossc@gmail.com
1440,corporacinalejandro-tovar@gmail.com
1441,botelloygalvánsa@gmail.com
1442,jimínez-riojas@gmail.com
1443,domínguezyluevanosc@gmail.com
1444,armenta-bonillaehijos@gmail.com
1445,arredondomaestasycontreras@gmail.com
1446,laboratorioslópezgaytánysanabria@gmail.com
1447,herrerabenítezyquintero@gmail.com
1448,mesafloresyvillalpando@gmail.com
1449,grupopedrazadurányurrutia@gmail.com
1450,industriasperaltayrodríquez@gmail.com
1451,colón-grijalva@gmail.com
1452,despachocortésmaderayromo@gmail.com
1453,industriascasas-farías@gmail.com
1454,corporacinsierragonzálezycanales@gmail.com
1455,francosadecv@gmail.com
1456,deandaybrionesehijos@gmail.com
1457,madridypartidasc@gmail.com
1458,despachohurtado-samaniego@gmail.com
1459,despachomolinayfernández@gmail.com
1460,corporacinlucio-quesada@gmail.com
1461,grupotejedayruiz@gmail.com
1462,proyectoslugodelvalleycardona@gmail.com
1463,industriasocampoyurrutia@gmail.com
1464,armashuertayvera@gmail.com
1465,solorzanofríasycarrasco@gmail.com
1466,palaciosyhinojosasa@gmail.com
1467,cadenaehijos@gmail.com
1468,quinteroyreynasa@gmail.com
1469,laboysc@gmail.com
1470,despachovillalpandoquintanillayirizarry@gmail.com
1471,sosasc@gmail.com
1472,laboratoriospadrón-deleón@gmail.com
1473,bustamantesa@gmail.com
1474,industriasamadoryvalladares@gmail.com
1475,orozcobarelayleiva@gmail.com
1476,mercadoyocasioac@gmail.com
1477,industriasmateoyjimínez@gmail.com
1478,valdiviaehijos@gmail.com
1479,proyectosholguín-heredia@gmail.com
1480,corporacincasillastoroyvelázquez@gmail.com
1481,guzmán-bravo@gmail.com
1482,rangelymonroyac@gmail.com
1483,toledodelafuenteypineda@gmail.com
1484,corporacinnúñezbarrientosyvalverde@gmail.com
1485,parrayrazoac@gmail.com
1486,cepedayvillalobossadecv@gmail.com
1487,cruz-arguelloyasociados@gmail.com
1488,zedillosrldecv@gmail.com
1489,industriasroque-mares@gmail.com
1490,ortiz-muñizsrldecv@gmail.com
1491,avilés-gamez@gmail.com
1492,industriasocasioarceyvéliz@gmail.com
1493,puenteysalassadecv@gmail.com
1494,aguilar-balderassrldecv@gmail.com
1495,industriascaballeroyruiz@gmail.com
1496,alcarazyolivosc@gmail.com
1497,despacholoerasalinasybarrera@gmail.com
1498,corporacinluna-paredes@gmail.com
1499,grupocisnerosyviera@gmail.com
1500,ledesma-zedilloac@gmail.com
1501,corporacinvillaseñorpalominoymartínez@gmail.com
1502,menchacaybenavídezyasociados@gmail.com
1503,grupoarenas-cornejo@gmail.com
1504,estévez-godínezyasociados@gmail.com
1505,proyectoscuellarytrujillo@gmail.com
1506,corporacinsalcedo-arteaga@gmail.com
1507,industriassantacruz-solís@gmail.com
1508,arellanoreynaygalindo@gmail.com
1509,proyectosrentería-zavala@gmail.com
1510,despachoherediamorenoyrodríquez@gmail.com
1511,gutiérrez-pugayasociados@gmail.com
1512,quiñonesmoralesyserrato@gmail.com
1513,espinosaac@gmail.com
1514,salgadosadecv@gmail.com
1515,corporacinamayaymadrigal@gmail.com
1516,aguayosc@gmail.com
1517,grupopalacios-serrano@gmail.com
1518,corporacinarchuletayverdugo@gmail.com
1519,roque-ballesteros@gmail.com
1520,despachomadrigal-romero@gmail.com
1521,rivas-barajas@gmail.com
1522,barrerarascónyguzmán@gmail.com
1523,soliz-saldivar@gmail.com
1524,cardenasvalenzuelayfuentes@gmail.com
1525,quezadagamboaycorrales@gmail.com
1526,corporacinnájeraymatías@gmail.com
1527,clubalonzoylongoria@gmail.com
1528,ochoatafoyayvelasco@gmail.com
1529,villaseñor-solanoyasociados@gmail.com
1530,ferreryruizsa@gmail.com
1531,arroyovigilyhinojosa@gmail.com
1532,laboratorioschacónrosasytórrez@gmail.com
1533,vacayparrasc@gmail.com
1534,industriasnaranjoroblesycastañeda@gmail.com
1535,corporacinávila-sarabia@gmail.com
1536,despachorobledo-bustamante@gmail.com
1537,prieto-alvarado@gmail.com
1538,proyectosholguíncasillasyholguín@gmail.com
1539,proyectosdelríocuellarycorona@gmail.com
1540,proyectoszedilloymiranda@gmail.com
1541,laboratoriosmurillocisnerosynarváez@gmail.com
1542,meléndez-magaña@gmail.com
1543,sanabria-acuñasc@gmail.com
1544,industriasgastélumdelríoyjaime@gmail.com
1545,rubioyybarraehijos@gmail.com
1546,grupoquesadachavarríaycastillo@gmail.com
1547,alvagranadoyvalentín@gmail.com
1548,abreuac@gmail.com
1549,industriasbustamanteyarce@gmail.com
1550,briones-ibarraac@gmail.com
1551,becerra-esquibelsadecv@gmail.com
1552,industriasalvaylaboy@gmail.com
1553,corporacincanales-luevano@gmail.com
1554,peñaysegurasc@gmail.com
1555,carrascoac@gmail.com
1556,laboratorioszaragoza-esparza@gmail.com
1557,mendoza-guajardo@gmail.com
1558,heredia-granados@gmail.com
1559,longoria-angulo@gmail.com
1560,industriasvalles-padrón@gmail.com
1561,industriasjaimealcarazyceja@gmail.com
1562,proyectossánchezmuñozygalindo@gmail.com
1563,prado-colungaehijos@gmail.com
1564,clublópezsantiagoysanches@gmail.com
1565,barrera-reyna@gmail.com
1566,palacios-amadorsc@gmail.com
1567,industriasgamezygaitán@gmail.com
1568,carbajalac@gmail.com
1569,tamayomesayalcaraz@gmail.com
1570,corporacinureñasisnerosymata@gmail.com
1571,industriasmontoyaysierra@gmail.com
1572,clublópezysanches@gmail.com
1573,medinayrodrígezac@gmail.com
1574,apodaca-corral@gmail.com
1575,elizondoparedesyrosas@gmail.com
1576,corporacinquesada-blanco@gmail.com
1577,laboratoriosgirón-balderas@gmail.com
1578,valentín-salcidoyasociados@gmail.com
1579,ramónsadecv@gmail.com
1580,laboratoriosalbavarelayponce@gmail.com
1581,cotto-acevedoac@gmail.com
1582,corporacingarridoysánchez@gmail.com
1583,domínguezsadecv@gmail.com
1584,laboratoriosapariciorolónydelatorre@gmail.com
1585,ruiz-mendoza@gmail.com
1586,proyectospedroza-rangel@gmail.com
1587,mondragónvalverdeyparra@gmail.com
1588,guevarayasociados@gmail.com
1589,tamezjimínezyperea@gmail.com
1590,lara-muñozyasociados@gmail.com
1591,grupogalindo-casas@gmail.com
1592,ybarra-alcarazyasociados@gmail.com
1593,clubalonso-venegas@gmail.com
1594,vásquez-mercadosc@gmail.com
1595,laboratoriosmenéndezvillaseñorycorral@gmail.com
1596,despachoroldánaguilaryserrano@gmail.com
1597,proyectossalazarortegayporras@gmail.com
1598,merazguevarayjaime@gmail.com
1599,seguradeandayrazo@gmail.com
1600,hinojosamanzanaresydelao@gmail.com
1601,hernádez-delarosa@gmail.com
1602,fuentes-santiago@gmail.com
1603,industriastovaryzamora@gmail.com
1604,díaz-serranoyasociados@gmail.com
1605,vacaysegoviaehijos@gmail.com
1606,industriasestradayruiz@gmail.com
1607,zedillo-barrera@gmail.com
1608,portilloac@gmail.com
1609,industriasadame-jimínez@gmail.com
1610,clubgalván-ceja@gmail.com
1611,almonte-lira@gmail.com
1612,abrego-fríasehijos@gmail.com
1613,clubquezadadíazyramos@gmail.com
1614,laboratoriosbernalcorderoysotelo@gmail.com
1615,godoy-carreón@gmail.com
1616,saucedoymoyasrldecv@gmail.com
1617,carranza-gonzales@gmail.com
1618,industriasvelasco-bahena@gmail.com
1619,despachovillanuevaymadrid@gmail.com
1620,gómezsrldecv@gmail.com
1621,laboratoriosjimínez-arenas@gmail.com
1622,amayasrldecv@gmail.com
1623,medrano-gamboayasociados@gmail.com
1624,hernandesponceyceballos@gmail.com
1625,linaresytijerinasrldecv@gmail.com
1626,esparza-hidalgo@gmail.com
1627,ricogonzálezysoto@gmail.com
1628,páezyperaltasa@gmail.com
1629,moyabeltrányvalle@gmail.com
1630,rodarte-lozanoac@gmail.com
1631,lópezac@gmail.com
1632,rodríguez-ochoasadecv@gmail.com
1633,proyectosrodríguezymatos@gmail.com
1634,clubhidalgo-espino@gmail.com
1635,briseñobalderasyalcántar@gmail.com
1636,grupobriseño-cepeda@gmail.com
1637,escalanteolivaresymojica@gmail.com
1638,vegasa@gmail.com
1639,despacholópezjimínezyguevara@gmail.com
1640,alcántar-salcedoac@gmail.com
1641,piñaescobarymontemayor@gmail.com
1642,velázquezymeléndezsc@gmail.com
1643,pantojatafoyaymoreno@gmail.com
1644,industriasarmendáriz-bermúdez@gmail.com
1645,laboratoriosmontañez-barraza@gmail.com
1646,delríoraelypalacios@gmail.com
1647,covarrubiasornelasybriseño@gmail.com
1648,corporacincuellarcalderayrascón@gmail.com
1649,clubsolorzanomenaysaucedo@gmail.com
1650,cardenasac@gmail.com
1651,clubcruz-feliciano@gmail.com
1652,grupoalejandroynúñez@gmail.com
1653,aguilerasadecv@gmail.com
1654,laboratoriosposada-puente@gmail.com
1655,oquendo-laboyac@gmail.com
1656,cervántez-franco@gmail.com
1657,vélez-leyvasc@gmail.com
1658,grupopadillayballesteros@gmail.com
1659,toro-gamez@gmail.com
1660,gollum-palomoyasociados@gmail.com
1661,marín-escobedo@gmail.com
1662,oquendovallejoyaparicio@gmail.com
1663,industriascalvillo-arteaga@gmail.com
1664,espinosa@gmail.com
1665,galindonietoyromero@gmail.com
1666,zamoramateoyfranco@gmail.com
1667,laboratoriosmadrid-beltrán@gmail.com
1668,pedrazayriverasa@gmail.com
1669,ontiveros-lira@gmail.com
1670,proyectosreyna-tamayo@gmail.com
1671,laboratoriossolísyvalenzuela@gmail.com
1672,olmos-gracia@gmail.com
1673,pazyreyessa@gmail.com
1674,clubcanales-rosado@gmail.com
1675,amaya-gallardosa@gmail.com
1676,despachomarroquínmeléndezymurillo@gmail.com
1677,ruelasyjiménezehijos@gmail.com
1678,gallardo-arroyo@gmail.com
1679,despachoquesadaalmanzayulibarri@gmail.com
1680,industriasamayalópezymontaño@gmail.com
1681,véliz-mayorga@gmail.com
1682,villagómez-arteaga@gmail.com
1683,castilloolverayvenegas@gmail.com
1684,alcántaryzapatasa@gmail.com
1685,urbinaac@gmail.com
1686,berríosmontezyvillalobos@gmail.com
1687,herreraserratoyvaldés@gmail.com
1688,elizondo-calvilloyasociados@gmail.com
1689,laboratoriosmarínguardadoyarmendáriz@gmail.com
1690,despachocardonaherediaytapia@gmail.com
1691,lealyasociados@gmail.com
1692,industriasvaldezguardadoylaureano@gmail.com
1693,muñozsrldecv@gmail.com
1694,clubacuña-rangel@gmail.com
1695,bravo-ornelas@gmail.com
1696,laboratoriosguerrero-domínguez@gmail.com
1697,camarillosrldecv@gmail.com
1698,quiñones-zapatayasociados@gmail.com
1699,madridmurilloyrojas@gmail.com
1700,meléndezosorioynazario@gmail.com
1701,montes-ramírez@gmail.com
1702,carriónymagañaac@gmail.com
1703,zaragozaymunguíaac@gmail.com
1704,proyectosgarayypadrón@gmail.com
1705,delatorre-lermasrldecv@gmail.com
1706,caraballoybrionesehijos@gmail.com
1707,batista-rentería@gmail.com
1708,quiñonesylebrónehijos@gmail.com
1709,jassoehijos@gmail.com
1710,padillasadecv@gmail.com
1711,corporacinmedinarosasypabón@gmail.com
1712,proyectosgaitán-valadez@gmail.com
1713,proyectosestradasantanayarmendáriz@gmail.com
1714,industriascalderónybalderas@gmail.com
1715,industriasriojas-valencia@gmail.com
1716,trujillo-berríosac@gmail.com
1717,velázquez-arenas@gmail.com
1718,corporacinvaladez-matías@gmail.com
1719,cantú-zavalasrldecv@gmail.com
1720,grupopantojacamposybarreto@gmail.com
1721,arellanoyibarraehijos@gmail.com
1722,abregobarriosysanches@gmail.com
1723,irizarry-montaño@gmail.com
1724,hinojosayalonsosrldecv@gmail.com
1725,manzanaresyasociados@gmail.com
1726,laboratoriosacuñaymenéndez@gmail.com
1727,despachosevilla-tamayo@gmail.com
1728,ramónzarateyheredia@gmail.com
1729,portilloybuenosrldecv@gmail.com
1730,clubguardado-canales@gmail.com
1731,cedillo-vegasrldecv@gmail.com
1732,proyectosmayavegaybotello@gmail.com
1733,carbajalytafoyayasociados@gmail.com
1734,clubesparzaescobedoyluevano@gmail.com
1735,corporacinverdugodávilayholguín@gmail.com
1736,bahenaycastañedasc@gmail.com
1737,nieto-venegas@gmail.com
1738,despachogarzapinedaydelgadillo@gmail.com
1739,calderónymadridsc@gmail.com
1740,menchaca-rodarteehijos@gmail.com
1741,salcido-escamilla@gmail.com
1742,delao-bermúdez@gmail.com
1743,ureñatorresymayorga@gmail.com
1744,guzmányzapatasadecv@gmail.com
1745,zamora-anaya@gmail.com
1746,corporacinjuradovillalpandoyarredondo@gmail.com
1747,proyectosbarriosyramírez@gmail.com
1748,matos-echeverríasrldecv@gmail.com
1749,corporacinornelaslugoycenteno@gmail.com
1750,galarza-negrón@gmail.com
1751,miramontes-saavedraac@gmail.com
1752,guerreroymadridsadecv@gmail.com
1753,espino-carbajalsa@gmail.com
1754,galván-granadossc@gmail.com
1755,sevillaocasioyquintana@gmail.com
1756,muñizyarguellosa@gmail.com
1757,henríquezsrldecv@gmail.com
1758,proyectospalomocanalesyserrano@gmail.com
1759,carranzaestradayalmanza@gmail.com
1760,marrerogallardoybañuelos@gmail.com
1761,rangel-terán@gmail.com
1762,sepúlveda-guevarasadecv@gmail.com
1763,industriasurrutia-juárez@gmail.com
1764,gálvez-velázquezsadecv@gmail.com
1765,sernayposadaac@gmail.com
1766,casaresdueñasyávila@gmail.com
1767,grupofuentesdelafuenteygaray@gmail.com
1768,jaramillomaresycorral@gmail.com
1769,reséndez-garza@gmail.com
1770,mercadomerazyalejandro@gmail.com
1771,proyectosvergararazoyesquivel@gmail.com
1772,bustosyasociados@gmail.com
1773,cabrerayesquibelac@gmail.com
1774,corporacinmeléndezurrutiayorozco@gmail.com
1775,mascareñas-figueroa@gmail.com
1776,clubhidalgogalványruelas@gmail.com
1777,valenzuelagranadoydíaz@gmail.com
1778,laboratoriosalonso-montez@gmail.com
1779,laboratorioscolónyyáñez@gmail.com
1780,industriasnoriegamenaylaureano@gmail.com
1781,zapataynarváezac@gmail.com
1782,verduzcosrldecv@gmail.com
1783,contreras-cedilloac@gmail.com
1784,canales-apodaca@gmail.com
1785,yáñez-escamilla@gmail.com
1786,rosario-telloehijos@gmail.com
1787,laboratoriosmejíacastañedaysisneros@gmail.com
1788,medranonazarioybaca@gmail.com
1789,correa-dueñas@gmail.com
1790,cepeda-rochasa@gmail.com
1791,alvasrldecv@gmail.com
1792,laboratoriosdelacrúz-pacheco@gmail.com
1793,ponce-parrasc@gmail.com
1794,laboratoriosperaltatamezyojeda@gmail.com
1795,zepedaysaucedosa@gmail.com
1796,rocha-ponce@gmail.com
1797,despachobarrientosybarrios@gmail.com
1798,industriasvillarreal-ontiveros@gmail.com
1799,armendárizsadecv@gmail.com
1800,brionesycervántezsadecv@gmail.com
1801,laboratorioscolladoycortez@gmail.com
1802,carvajalbriseñoyruelas@gmail.com
1803,clubabregoyrubio@gmail.com
1804,palominoycastañedaac@gmail.com
1805,corporacinleóngallegosyzayas@gmail.com
1806,proyectosherediaypizarro@gmail.com
1807,adame-pacheco@gmail.com
1808,zaragoza-pichardo@gmail.com
1809,ávalosjuárezycardona@gmail.com
1810,industriasméndezbahenayybarra@gmail.com
1811,industriasceballos-báez@gmail.com
1812,grupolemusypelayo@gmail.com
1813,despachososa-pacheco@gmail.com
1814,despachomarroquínymagaña@gmail.com
1815,industriasbenavides-saucedo@gmail.com
1816,cintrón-valenciasrldecv@gmail.com
1817,proyectosmontañezcervántezyarguello@gmail.com
1818,naranjo-ariassrldecv@gmail.com
1819,industriasespinoza-guerrero@gmail.com
1820,despachocastro-becerra@gmail.com
1821,ceballos-galarza@gmail.com
1822,despachoamadorsalinasymota@gmail.com
1823,mondragónylomelisa@gmail.com
1824,enríquez-escobar@gmail.com
1825,proyectosgirónapodacaycasanova@gmail.com
1826,corporacinrazo-deanda@gmail.com
1827,alonsosa@gmail.com
1828,industriasmedranoyarce@gmail.com
1829,santillán-palominoehijos@gmail.com
1830,carrascoytamezsc@gmail.com
1831,clubzapatagamezysanches@gmail.com
1832,urbina-vélizehijos@gmail.com
1833,baca-gallardoehijos@gmail.com
1834,huerta-lomeliyasociados@gmail.com
1835,espinalyesquivelsa@gmail.com
1836,laboratoriosguerra-cabrera@gmail.com
1837,despachoverduzcohernándezymireles@gmail.com
1838,laboratoriosvillagómezyreynoso@gmail.com
1839,grupoparrariojasyolivárez@gmail.com
1840,grupomayorgazayasydurán@gmail.com
1841,zavalasrldecv@gmail.com
1842,clubcarreónverdugoycamarillo@gmail.com
1843,ureñaydávilasadecv@gmail.com
1844,razo-aviléssrldecv@gmail.com
1845,clubabreuvenegasydomínguez@gmail.com
1846,corporacinpizarro-gallardo@gmail.com
1847,zavala-hurtadoac@gmail.com
1848,girón-burgossc@gmail.com
1849,suárezycadenaehijos@gmail.com
1850,montesyharoehijos@gmail.com
1851,ybarrayrangelyasociados@gmail.com
1852,mojica-carrero@gmail.com
1853,centeno-muñiz@gmail.com
1854,proyectosgaytányrocha@gmail.com
1855,corporacincasillasmondragónyrivero@gmail.com
1856,grupovásquezpichardoyanguiano@gmail.com
1857,grupocolladoyarias@gmail.com
1858,salgado-aguilar@gmail.com
1859,regaladoydelríoehijos@gmail.com
1860,despachotejedaypantoja@gmail.com
1861,corporacinflores-ríos@gmail.com
1862,grupobalderas-elizondo@gmail.com
1863,aviléssrldecv@gmail.com
1864,corporacingrijalva-maya@gmail.com
1865,proyectosvelázquez-botello@gmail.com
1866,laureano-coronado@gmail.com
1867,botello-almanzaac@gmail.com
1868,merazrazoygalván@gmail.com
1869,proyectoscentenoydelatorre@gmail.com
1870,briseñoamayayvallejo@gmail.com
1871,prieto-zapatasrldecv@gmail.com
1872,despachoserrato-trejo@gmail.com
1873,ornelasyvegasadecv@gmail.com
1874,dueñas-sánchezsc@gmail.com
1875,grupopreciadocintrónyquesada@gmail.com
1876,clubsamaniegoolmosyapodaca@gmail.com
1877,proyectosportilloyfernández@gmail.com
1878,industriasarteagaelizondoyalonso@gmail.com
1879,industriascardenasyaltamirano@gmail.com
1880,varela-quezadayasociados@gmail.com
1881,laboratoriosoterollamasydelagarza@gmail.com
1882,merinoac@gmail.com
1883,vanegasyvallessadecv@gmail.com
1884,marroquín-duarteyasociados@gmail.com
1885,clubblanco-vigil@gmail.com
1886,leal-baezasa@gmail.com
1887,industriasponce-quezada@gmail.com
1888,vieraac@gmail.com
1889,industriasacevedo-galarza@gmail.com
1890,laboratoriossolorzano-salcido@gmail.com
1891,lemusac@gmail.com
1892,maldonado-corral@gmail.com
1893,pradoyvaldiviaehijos@gmail.com
1894,quiñónez-oquendosa@gmail.com
1895,rosalesirizarryyvásquez@gmail.com
1896,industriastrujilloparedesynoriega@gmail.com
1897,corporacinalmarazyguerrero@gmail.com
1898,clubocasio-manzanares@gmail.com
1899,peralesolivoycenteno@gmail.com
1900,márquez-colónsadecv@gmail.com
1901,grupopedraza-barrientos@gmail.com
1902,industriashinojosayvalencia@gmail.com
1903,figueroacurielyvalenzuela@gmail.com
1904,laboratoriosurbinaypaz@gmail.com
1905,lomeliygranadosadecv@gmail.com
1906,díazehijos@gmail.com
1907,marroquín-figueroa@gmail.com
1908,torres-espinal@gmail.com
1909,rojaspinedaysanches@gmail.com
1910,grupoangulo-sáenz@gmail.com
1911,proyectoscasares-farías@gmail.com
1912,clubdeandayorta@gmail.com
1913,industriasortegapradoymarrero@gmail.com
1914,grupotirado-venegas@gmail.com
1915,garzaehijos@gmail.com
1916,despachoalmanzamayayibarra@gmail.com
1917,luevanosarabiayquesada@gmail.com
1918,clubsalas-mojica@gmail.com
1919,ocasio-báez@gmail.com
1920,herrerayasociados@gmail.com
1921,mayorgavanegasypuga@gmail.com
1922,felicianoybarajasyasociados@gmail.com
1923,enríquezsadecv@gmail.com
1924,clubpizarroynevárez@gmail.com
1925,almanza-colunga@gmail.com
1926,laboratoriostéllezregaladoysuárez@gmail.com
1927,corporacingallardoysalgado@gmail.com
1928,quiñónez-pachecosa@gmail.com
1929,aguirreehijos@gmail.com
1930,cotto-posadasc@gmail.com
1931,grupovaldéscastilloygamboa@gmail.com
1932,monroy-varelasc@gmail.com
1933,corporacinespinozaybáez@gmail.com
1934,casárez-partida@gmail.com
1935,clubcalvillosaldañayarteaga@gmail.com
1936,grupoguerraybotello@gmail.com
1937,sarabia-torresac@gmail.com
1938,pantoja-aguayosadecv@gmail.com
1939,montessc@gmail.com
1940,corporacincisneroscrespoyrojas@gmail.com
1941,despachopreciadoynazario@gmail.com
1942,despacholinaresygálvez@gmail.com
1943,despachosalas-padrón@gmail.com
1944,corporacingutiérrezyrazo@gmail.com
1945,industriaslerma-echeverría@gmail.com
1946,batistaehijos@gmail.com
1947,paredes-irizarry@gmail.com
1948,arevaloymaestassadecv@gmail.com
1949,ulloaac@gmail.com
1950,arteaga-alcarazsa@gmail.com
1951,ordóñezbarrazaylucero@gmail.com
1952,urbinasarabiaypabón@gmail.com
1953,bustos-cotto@gmail.com
1954,ochoa-morales@gmail.com
1955,salinas-marroquín@gmail.com
1956,villarrealcarmonayvillareal@gmail.com
1957,valladaressrldecv@gmail.com
1958,centeno-arguello@gmail.com
1959,pazyoquendosrldecv@gmail.com
1960,benavídezsa@gmail.com
1961,mata-granado@gmail.com
1962,proyectosrazoymireles@gmail.com
1963,laboratoriosdelafuente-girón@gmail.com
1964,morales-villanueva@gmail.com
1965,tórrez-dávilasadecv@gmail.com
1966,magaña-viera@gmail.com
1967,corporacinbarrientos-sosa@gmail.com
1968,laboratoriosmontemayortejedayzambrano@gmail.com
1969,covarrubias-espinalsadecv@gmail.com
1970,salinassa@gmail.com
1971,malave-delacrúzsadecv@gmail.com
1972,gálvezsanabriayguerrero@gmail.com
1973,laboratoriospolanco-partida@gmail.com
1974,villarrealsc@gmail.com
1975,palomino-montalvo@gmail.com
1976,parra-velázquezsc@gmail.com
1977,covarrubiassrldecv@gmail.com
1978,soloriosrldecv@gmail.com
1979,mares-armas@gmail.com
1980,fonsecayolivasehijos@gmail.com
1981,proyectosgriego-ayala@gmail.com
1982,riveroygastélumsa@gmail.com
1983,corporacinguzmányreynoso@gmail.com
1984,clubleónysaavedra@gmail.com
1985,industriasbotello-rubio@gmail.com
1986,vela-baezayasociados@gmail.com
1987,delarosamaestasyrivas@gmail.com
1988,laboratoriosballesteros-espino@gmail.com
1989,grupoozunayibarra@gmail.com
1990,guerrayalmarazac@gmail.com
1991,robles-carrillosrldecv@gmail.com
1992,proyectosfajardo-aparicio@gmail.com
1993,toroterrazasycarreón@gmail.com
1994,proyectosparra-delarosa@gmail.com
1995,lugo-valladares@gmail.com
1996,villaycabreraac@gmail.com
1997,clubmenchacamonroyybustamante@gmail.com
1998,matíasyzambranosc@gmail.com
1999,grupodelafuente-zedillo@gmail.com
